school_name,campus_address,campus_city,campus_state,Reporting_Period_Start,Reporting_Period_End,Num_Students _Enrolled,course_length,EFT_PIF,FTE,EFT_AIC,HBS _IF,EOP,NC,ST_C_PT,HBS_OF,OOF,NE,UE_SS,UE_NS,NR,Median,Under_60,60_69,70_79,80_89,90_99,100_109,110_Up,EMP_Reported
Edgeblab,8080 Mayer Pass,Springfield,IL,1/1/16,6/30/16,58,214,65.27,62.34,1.98,3.96,4.76,1,4.91,0,1,17.12,17.26,17.74,8.16,72650,3,20,35,23,8,5,1,94.03
Trudeo,8 Namekagon Place,Chicago,IL,1/1/16,6/30/16,41,235,62.01,62.66,1.61,3.78,4.94,0,4.53,1,0,18,17.95,18,7.18,74393,3,25,38,24,8,4,1,90.72
Devpulse,80 Sachs Crossing,Los Angeles,CA,1/1/16,6/30/16,51,234,60.19,61.53,1.36,3.77,3.58,1,4.7,1,1,17.31,18.48,17.12,7.86,73741,3,25,38,24,9,5,0,95.85
Youopia,56633 Sherman Trail,Indianapolis,IN,1/1/16,6/30/16,67,218,62.69,62.38,1.04,3.63,3.51,1,4.23,1,1,17.46,17.05,18.61,7.76,73548,4,20,31,20,8,5,0,94.89
Flashset,229 Hagan Alley,Des Moines,IA,1/1/16,6/30/16,54,245,67.24,68.01,1.82,3.85,4.72,0,4.66,1,1,18.54,17.84,18.79,7.88,74778,4,24,34,22,8,4,1,90.5
Roodel,071 Oak Valley Center,Scottsdale,AZ,1/1/16,6/30/16,74,233,66.74,67.84,1.16,3.93,3.8,0,4.77,0,1,18.23,18.12,17.17,7.14,74021,5,20,32,24,8,5,1,91.46
Lajo,3592 Holy Cross Avenue,Colorado Springs,CO,1/1/16,6/30/16,75,203,61.85,65.72,1.25,3.26,4.78,0,4.55,1,1,17.8,17.56,18.68,7.88,72368,5,21,31,22,9,4,1,90.81
Flashspan,025 Pearson Place,Dallas,TX,1/1/16,6/30/16,49,229,67.95,62.85,1.93,3.57,3.33,0,4.18,1,1,18.73,18.35,18.43,7.91,74757,4,22,30,21,10,5,0,94.81
Ainyx,474 Hagan Trail,Mobile,AL,1/1/16,6/30/16,61,214,62.02,64.22,1.01,3.82,3.18,1,4.24,1,1,18.61,17.71,17.55,7.46,71481,4,25,31,22,9,5,1,92.09
Trudoo,7 Jackson Street,Grand Rapids,MI,1/1/16,6/30/16,53,236,64.09,62.79,1.58,3.19,3.57,1,4.69,1,1,17.93,18.65,18.8,8.2,73731,5,22,34,25,8,6,1,95.36
Devbug,81062 Elmside Junction,Houston,TX,1/1/16,6/30/16,59,215,66.78,65.92,1.03,3.53,3.82,0,4.43,1,1,17.51,18.06,17.01,7.87,70175,3,25,37,21,8,6,0,91.51
Topiclounge,5 Canary Alley,Birmingham,AL,1/1/16,6/30/16,53,222,64.81,61.89,1.42,3.81,3.12,0,4.43,1,0,17.32,17.97,17.94,8.09,72463,4,21,32,22,8,5,0,93.15
Kwilith,761 Walton Plaza,Lansing,MI,1/1/16,6/30/16,53,220,69.67,69.71,1.53,3.5,4.83,1,4.96,1,1,17.08,17.1,18.97,8.91,74338,4,23,31,22,9,5,1,95.09
Tanoodle,14923 Gerald Park,San Antonio,TX,1/1/16,6/30/16,41,200,70,63.1,1.2,3.76,4.33,1,4.83,0,0,18.16,18.21,17.06,7.82,72374,5,23,34,23,9,4,1,90.38
Gabspot,30 7th Alley,Tyler,TX,1/1/16,6/30/16,74,241,66.23,65.58,1.82,3.01,4.05,0,4.98,0,0,17.33,18.62,17.32,7.37,72336,5,21,34,25,8,5,1,90.93
Minyx,8 Memorial Junction,Baltimore,MD,1/1/16,6/30/16,55,217,66.73,68.54,1.12,3.02,4.26,0,4.89,0,1,17.87,18.56,17.52,8.37,73745,3,21,34,24,10,4,1,94.32
Youbridge,9698 Fairview Court,Pompano Beach,FL,1/1/16,6/30/16,58,220,63.66,65.38,1.43,3.94,4.95,0,4.62,1,1,18.13,18.87,17.19,7.84,73737,4,20,31,21,9,4,1,92.37
Meevee,428 Stoughton Alley,Columbia,SC,1/1/16,6/30/16,52,248,65.51,61.91,1.15,3.33,3.59,0,4.09,0,1,17.18,17.6,17.51,7.3,73992,3,24,38,23,9,5,1,91.62
Innojam,591 Banding Point,Saint Louis,MO,1/1/16,6/30/16,51,245,64.22,64.33,1.9,3.01,4.79,1,4.11,1,1,17.55,17,18.62,8.56,74365,3,25,35,25,9,5,0,92.09
Zoonder,58 Quincy Avenue,Shawnee Mission,KS,1/1/16,6/30/16,43,231,63.07,65.67,1.66,3.71,4.7,0,4.56,0,0,17.96,18.05,17.49,7.76,70471,4,21,32,20,8,4,1,90.02
Vipe,6675 Brown Court,Lees Summit,MO,1/1/16,6/30/16,59,203,61.24,69.35,1.51,3.44,4.25,0,4.11,0,1,17.24,17.68,17.23,7.08,74633,4,22,36,22,8,5,1,91.23
Rhyloo,643 Florence Plaza,Arlington,VA,1/1/16,6/30/16,55,226,62.86,64.09,1.38,3.53,3.23,0,4.96,0,1,17.63,18.16,18.97,7.52,71254,5,23,31,20,9,5,0,93.26
Realmix,155 Gale Place,Fort Worth,TX,1/1/16,6/30/16,44,225,68.25,64.43,1.58,3.01,3.56,1,4.29,0,0,18.32,18.44,18.68,8.61,72867,5,22,33,25,9,6,1,94.89
Jaloo,89975 Shopko Park,Atlanta,GA,1/1/16,6/30/16,73,218,60.25,65.96,1.36,3.03,3.28,0,4.58,1,1,17.78,17.38,17.34,7.05,73481,3,21,30,20,9,5,1,92.24
Fliptune,0266 Manley Drive,Minneapolis,MN,1/1/16,6/30/16,40,229,65.12,62.42,1.88,3.04,3.55,1,4.31,0,1,18.35,18.54,18.59,8.69,74179,3,23,32,23,8,6,0,95.99
Twiyo,043 Ryan Road,Denver,CO,1/1/16,6/30/16,54,220,62.09,60.34,1.88,3.79,4.53,0,4.85,1,0,18.35,18.79,17.07,8.85,70387,5,21,36,25,9,6,1,93.76
Wordtune,320 Vidon Crossing,Rochester,NY,1/1/16,6/30/16,43,247,66,68.91,1.61,3.02,3.1,0,4.44,0,0,17.23,18.07,17.82,7.38,70802,5,24,36,25,8,4,1,95.36
Riffpedia,24555 Shopko Court,Hamilton,OH,1/1/16,6/30/16,54,222,68.03,60.54,1.09,3.97,3.89,1,4.58,1,0,17.03,17.31,17.52,7.08,70700,4,23,32,25,9,5,0,94.12
Latz,69 Stone Corner Place,Detroit,MI,1/1/16,6/30/16,54,207,64.05,68.5,1.81,3.63,3.81,1,4.04,0,1,17.25,17.03,18.89,7.57,70680,3,21,30,25,8,4,0,94.26
Dablist,8701 Ramsey Court,Saint Louis,MO,1/1/16,6/30/16,52,215,69.2,63.05,1.71,3.43,4.45,1,4.03,1,0,18.5,18.13,18.8,8.06,74053,5,24,34,25,10,6,0,94.8
Yoveo,67759 Mayfield Way,Akron,OH,1/1/16,6/30/16,60,216,62.93,69.07,1.36,3.12,4.23,1,4.72,0,1,17.53,18.46,18.03,8.76,70392,5,25,38,22,9,6,1,94.35
Feednation,55 Springview Terrace,Erie,PA,1/1/16,6/30/16,73,204,64.43,67.4,1.42,3.77,4.44,1,4.36,0,1,18.13,17.36,17.55,7.1,73564,5,22,35,25,9,4,0,92.99
Skyvu,7122 Westridge Park,Milwaukee,WI,1/1/16,6/30/16,57,232,60.17,68.6,1.3,3.13,3.71,1,4.9,1,1,17,17.8,18.88,8.12,72058,4,20,35,24,8,6,0,95.25
Eidel,722 Schiller Trail,Van Nuys,CA,1/1/16,6/30/16,44,247,64.37,64.99,1.45,3.08,3.1,0,4.94,1,1,17.46,17.26,17.81,7.88,73795,5,22,31,23,10,6,1,93
Skimia,0374 Talmadge Junction,Phoenix,AZ,1/1/16,6/30/16,67,248,68.84,67.99,1.01,3.21,3.57,0,4.24,0,1,18.08,18.62,18.1,7.83,72895,4,21,32,21,9,6,0,93.81
Buzzster,769 Grayhawk Crossing,Hampton,VA,1/1/16,6/30/16,40,233,60.35,65.09,1.96,3.49,3.63,1,4.48,0,0,17.6,17.17,18.74,8.22,70053,4,21,32,23,9,4,1,93.34
Edgetag,8738 Eagan Crossing,Dallas,TX,1/1/16,6/30/16,49,227,65.89,68.43,1.56,3.73,4.88,1,4.25,0,0,17.28,18.11,18.83,8.57,72195,5,23,31,25,8,4,0,93.94
Divape,1633 Artisan Street,Jackson,MS,1/1/16,6/30/16,59,250,62.82,67.01,1.14,3.23,4.2,0,4.79,1,1,18.41,17.61,18.1,8.02,72304,4,25,30,22,8,4,1,92.72
Skalith,418 Nelson Pass,Port Charlotte,FL,1/1/16,6/30/16,75,247,62.5,64,1.56,3.84,4.18,1,4.91,1,0,17.83,17.17,17.08,7.62,73658,4,25,30,23,10,6,1,92.66
Livepath,01 International Crossing,Dayton,OH,1/1/16,6/30/16,46,242,60.58,60.81,1.14,3.9,5,0,4.58,1,1,18.65,17.92,18.72,7.13,73116,4,23,35,25,8,6,1,91.19
Vipe,4 Onsgard Plaza,Los Angeles,CA,1/1/16,6/30/16,50,220,65.27,62.73,1.3,3.57,3.77,1,4.48,0,1,18.17,18.34,17.31,7.47,74069,3,23,33,22,9,6,1,92.81
Riffpath,43 Pennsylvania Lane,Sacramento,CA,1/1/16,6/30/16,60,249,61.21,65.18,1.69,3.78,4.45,0,4.32,0,0,17.88,18,17.45,7.08,74851,4,21,36,20,9,5,1,91.38
Meevee,44118 Scofield Hill,Panama City,FL,1/1/16,6/30/16,45,228,64.42,63.46,1.33,3.29,4.66,0,4.49,0,0,17.27,18.7,17.13,7.9,74246,4,22,30,22,10,6,0,90.67
Quatz,8971 Eagan Way,Katy,TX,1/1/16,6/30/16,62,247,66.54,61.44,1.44,3.58,4.8,0,4.1,0,0,17.82,17.81,17.59,8.34,73899,5,22,33,23,9,6,1,94.55
Buzzshare,54668 Sullivan Place,Topeka,KS,1/1/16,6/30/16,72,212,65.02,64.38,1.19,3.22,4.99,0,4.42,0,1,17.7,18.68,18.16,8.95,74580,3,24,30,24,9,4,1,92.13
Jetwire,18898 Weeping Birch Lane,Colorado Springs,CO,1/1/16,6/30/16,63,209,66.09,65.56,1.7,3.3,3.28,0,4.91,1,0,18.01,18.42,18.46,8.28,72631,5,22,38,24,10,5,0,91.13
Jaxworks,76 Stuart Road,Colorado Springs,CO,1/1/16,6/30/16,49,235,62.59,65.19,1.04,3.03,3.29,0,4.1,0,0,18.71,18.2,17.75,8.72,71203,5,22,34,21,9,5,1,91.96
Tambee,8528 Eagan Trail,Houston,TX,1/1/16,6/30/16,57,217,65.26,61.53,1.95,3.49,4.73,0,4.65,1,0,18.15,17.94,17.86,8.51,74058,4,21,32,21,8,4,1,92.27
Thoughtsphere,0656 Lukken Way,Lubbock,TX,1/1/16,6/30/16,74,245,65.59,64.72,1.45,3.69,4.71,0,4.28,1,0,18.97,17.89,17.48,7.35,70071,5,22,35,21,9,4,1,92.33
Skiba,34 Forster Center,Dayton,OH,1/1/16,6/30/16,57,211,68.31,62.6,1.29,3.26,3.3,1,4.91,1,1,18.88,17.82,18.5,7.32,71365,3,23,31,23,8,6,0,94.34
Meetz,59 Hintze Place,Montgomery,AL,1/1/16,6/30/16,43,236,67.55,65.95,1.43,3.13,4.83,0,4.3,1,0,18.82,18.01,17.74,7.39,70023,3,23,31,25,9,4,0,95.45
Realfire,20611 Pierstorff Point,Tempe,AZ,1/1/16,6/30/16,44,236,61.53,66.47,1.15,3.65,4.51,0,4.13,1,1,17.56,18.09,17.5,8.67,70813,4,22,32,21,8,6,0,92.59
Mydeo,3 Fieldstone Way,Shreveport,LA,1/1/16,6/30/16,70,250,65.62,67.05,1.48,3.66,3.96,0,4.53,0,0,18.8,18.21,17.87,8.31,72020,5,24,30,23,10,5,0,94.15
Zoomlounge,1836 Moose Place,Salt Lake City,UT,1/1/16,6/30/16,47,233,65.85,69.12,1.31,3.75,4.81,0,4.99,0,0,17.17,17.72,18.84,8.2,70893,3,21,31,21,8,6,1,95.34
Geba,29518 Clyde Gallagher Street,Jacksonville,FL,1/1/16,6/30/16,57,228,69.11,65.96,1.37,3.54,3.65,1,4.62,0,0,17.75,17.37,17.46,7.66,74002,3,23,34,23,8,4,0,94.83
Kaymbo,8 Drewry Trail,Camden,NJ,1/1/16,6/30/16,56,235,66.14,67.33,1.82,3.17,4.08,0,4.15,1,1,18.02,18.94,17.68,7.92,73871,3,21,33,23,8,5,0,95.75
Rhynoodle,4596 Sutherland Street,Phoenix,AZ,1/1/16,6/30/16,57,244,61.36,60.88,1.07,3.44,4.66,1,4.4,0,1,17.07,17.16,17.49,7.55,72162,3,22,35,20,9,5,1,90.79
Shuffletag,51282 Goodland Avenue,Wichita,KS,1/1/16,6/30/16,43,247,60.31,62.98,1.14,3.96,4.72,1,4.64,1,1,18.04,17.88,18.55,7.67,74959,3,25,37,20,10,4,1,95.11
Edgewire,23889 Forest Run Street,San Diego,CA,1/1/16,6/30/16,63,248,62.43,66.89,1.67,3.7,3.64,0,4.5,1,1,17.57,18.44,18.57,8.01,71344,4,24,37,24,8,4,1,91.57
Twiyo,4351 Bonner Parkway,El Paso,TX,1/1/16,6/30/16,47,209,69.31,61.6,1.08,3.13,3.09,0,4.49,0,1,17.58,18.73,17.1,7.33,72456,4,24,32,23,9,6,0,90.11
Skilith,924 Anderson Center,Reno,NV,1/1/16,6/30/16,52,226,62.46,63.27,1.81,3.32,3.55,1,4.49,1,1,17.16,17.53,17.39,8.52,71286,3,25,38,24,9,5,0,91.33
Twitterbridge,48 Nancy Place,Richmond,VA,1/1/16,6/30/16,71,220,68.47,61.5,1.94,3.69,4.96,1,4.05,1,1,18.59,18.05,18.14,8.48,74157,5,23,34,25,8,5,0,95.85
Divavu,5263 Hansons Hill,Madison,WI,1/1/16,6/30/16,49,209,65.08,62.98,1.41,3.02,4.1,1,4.12,1,1,17.32,18.79,18.26,8.46,72880,4,23,38,20,9,6,1,91.49
Skinder,5996 Pine View Parkway,Washington,DC,1/1/16,6/30/16,48,214,61.11,61.56,1.34,3.86,4.94,1,4.73,0,1,18.44,18.48,17.99,7.75,70989,5,22,38,22,8,4,0,90.45
Latz,488 Pine View Plaza,El Paso,TX,1/1/16,6/30/16,48,210,68.94,67.35,1.63,3.17,3.82,1,4.76,0,0,18.73,17.12,18.47,8.56,74629,5,25,34,24,10,6,1,93.27
Kanoodle,5 Washington Crossing,Houston,TX,1/1/16,6/30/16,43,207,61.61,64.7,1.12,3.85,3.27,0,4.32,1,1,18.93,17.7,18.23,8.38,73493,4,25,31,21,10,6,1,90.17
Yacero,9 Ronald Regan Parkway,Stamford,CT,1/1/16,6/30/16,43,221,63.68,65.4,1.81,3.42,3.52,0,4.6,1,0,18.04,18.19,17.65,7.38,73169,5,25,30,22,8,4,1,94.07
Kwimbee,2870 Reindahl Center,Prescott,AZ,1/1/16,6/30/16,43,241,68.23,63.38,1.05,3.45,4.23,0,4.26,1,0,18.86,18.64,18.91,8.27,73254,5,25,37,21,10,5,1,90.76
Browsetype,07 Arrowood Park,Bronx,NY,1/1/16,6/30/16,64,245,68.82,63.17,1.64,3.67,4.95,0,4.34,1,1,17.08,18.93,17.13,8.7,71531,4,21,37,23,10,4,0,91.31
Demizz,5572 North Circle,Wilmington,NC,1/1/16,6/30/16,47,226,60.65,65.69,1.65,3,3.86,0,4.06,0,0,18.5,17.25,18.55,8.05,70454,4,22,37,24,9,5,0,91.24
Centidel,65118 Morrow Court,Bronx,NY,1/1/16,6/30/16,51,237,67.55,64.63,1.72,3.17,4.13,0,4.31,0,1,17.28,17.57,18.36,7.1,70904,4,22,33,23,10,4,1,92.47
Oyope,0 Vernon Lane,Charlotte,NC,1/1/16,6/30/16,65,249,68.74,62.02,1.26,3.95,4.14,0,4.58,1,0,17.95,17.15,18.89,8.3,70651,5,21,31,21,9,5,1,91.32
Skyvu,5688 Helena Way,Las Vegas,NV,1/1/16,6/30/16,42,206,68.39,64.31,1.07,3.26,3.92,0,4.94,0,0,17.88,17.93,18.23,8.95,74604,3,22,31,21,10,6,1,90.63
Fliptune,3 Springview Terrace,Atlanta,GA,1/1/16,6/30/16,54,238,62.44,62.99,1.2,3.79,3.22,0,4.74,0,0,18.86,17.51,17.17,8.21,70599,4,25,33,22,9,5,0,91.59
Miboo,2 Parkside Parkway,Salt Lake City,UT,1/1/16,6/30/16,40,208,65.17,61.19,1.24,3.34,3.96,0,4.78,1,0,18.33,18.18,17.58,8.57,73789,5,21,33,20,10,4,0,92.82
Zoomdog,7 Mcbride Trail,Seattle,WA,1/1/16,6/30/16,53,222,66.67,69.66,1.36,3.28,3.84,0,4.47,0,1,18.68,18.45,18.37,7.16,74830,4,21,31,21,10,4,1,90.27
Zoonder,367 Sunnyside Alley,Charleston,WV,1/1/16,6/30/16,63,230,63.14,60.58,1.32,3.9,3.23,0,4.15,0,1,17.12,17.38,17.94,8.03,71552,4,20,30,21,10,6,0,93.57
Lajo,5 Cardinal Road,Naples,FL,1/1/16,6/30/16,54,230,63.25,69,1.56,3.21,3.45,0,4.53,0,1,18.64,18.58,17.35,7.46,73992,3,25,35,22,8,5,1,95.4
Agivu,8 Roxbury Parkway,New Haven,CT,1/1/16,6/30/16,71,240,65.3,68.99,1.91,3.28,4.75,1,4.88,1,0,18.59,17.4,17.96,7.55,73735,3,20,31,23,8,6,0,93.74
Plambee,4402 Sauthoff Circle,Murfreesboro,TN,1/1/16,6/30/16,41,225,61.71,62.68,1.97,3.98,4.47,0,4.76,0,1,17.93,18.02,18,8.97,71028,3,24,38,22,10,4,1,95.84
Pixope,80775 Meadow Ridge Plaza,Baltimore,MD,1/1/16,6/30/16,52,247,68.58,64.68,1.33,3.59,3.2,0,4.98,0,1,18.15,18.51,17.03,7.82,74950,5,25,35,25,9,5,0,93.18
Mybuzz,77 Village Green Place,Pittsburgh,PA,1/1/16,6/30/16,55,227,64.7,67.68,1.94,3.08,3.73,0,4.89,0,1,17.77,17.97,18.29,8.53,70640,3,25,34,22,8,4,0,94.8
Topicshots,151 Anhalt Point,Newark,DE,1/1/16,6/30/16,50,243,64.96,67.85,1.69,3.41,4.79,1,4.31,0,0,17.13,17.9,17.97,7.62,71695,4,23,33,21,9,4,0,90.68
Layo,39 Vermont Avenue,Tacoma,WA,1/1/16,6/30/16,66,214,62.45,69.38,1.01,3.47,3.58,1,4.81,1,1,18.1,17.86,18.21,7.25,72831,5,20,32,24,10,4,0,94.79
Eamia,401 Warrior Hill,Long Beach,CA,1/1/16,6/30/16,70,219,69.74,68.37,1.63,3.11,3.25,0,4.6,0,0,17.05,18.11,18.52,7.87,73330,3,21,30,25,8,6,0,94.08
Thoughtbeat,2542 Cherokee Trail,Rochester,NY,1/1/16,6/30/16,66,239,65.51,68.67,1.12,3.21,3.53,0,4.85,0,0,18.37,19,17.86,7.76,73208,3,20,36,22,10,4,1,95.92
Eidel,01798 Green Way,Boise,ID,1/1/16,6/30/16,62,225,64.58,60.13,1.86,3.78,3.24,1,4.87,0,1,18.68,18.62,17.21,8.69,72769,5,21,33,21,8,6,0,91.96
Innotype,86385 Cambridge Way,Milwaukee,WI,1/1/16,6/30/16,50,240,66.05,60.82,1.9,3.7,4.33,1,4.16,1,0,18.07,17.56,17.08,7.25,72270,3,25,35,23,8,6,1,94.81
Eabox,96953 Rieder Alley,Minneapolis,MN,1/1/16,6/30/16,40,212,63.94,67.7,1.24,3.72,4.12,0,4.49,0,1,17.27,17.54,17.71,8.75,73990,4,21,30,21,10,6,1,91.49
Devbug,7722 Graceland Place,Pittsburgh,PA,1/1/16,6/30/16,67,250,67.5,69.22,1.08,3.73,4.02,0,4.03,1,1,17.71,17.3,18.59,7.19,73247,4,23,33,24,10,6,0,94.83
Brainlounge,9 International Plaza,Elmira,NY,1/1/16,6/30/16,56,246,68.61,62.95,1.22,3.25,4.8,0,4.04,1,1,18.3,18.1,18.45,8.55,71184,3,21,30,20,10,5,0,93.73
Quinu,82004 Randy Way,Chicago,IL,1/1/16,6/30/16,53,234,65.65,60.36,1.16,3.87,3.16,0,4.62,1,0,18.24,17.9,18.12,8.5,74758,4,24,38,22,9,4,0,95.19
Mymm,2349 Sycamore Parkway,Oklahoma City,OK,1/1/16,6/30/16,72,235,61.82,69.47,1.46,3.08,3.3,0,4.72,0,0,17.54,17.68,18.44,7.36,70266,5,21,30,22,10,5,1,91.63
Voonte,975 Fallview Point,Tulsa,OK,1/1/16,6/30/16,43,231,67.59,60.92,1.49,3.94,4.52,1,4.67,1,1,17.26,18.5,18.51,8.57,74391,4,22,31,25,10,5,0,92.34
Voonyx,3085 Monica Place,Cincinnati,OH,1/1/16,6/30/16,64,248,60.5,67.09,1.74,3.46,3.72,1,4.26,0,1,18.6,17.54,18.42,8.49,70283,4,20,34,23,8,5,1,94.06
Oloo,4 Tony Drive,Springfield,MA,1/1/16,6/30/16,67,234,64.42,66.09,1.83,3.67,4.32,1,4.98,0,1,18.78,18.52,18.05,7.96,73942,3,25,36,21,8,5,0,94.09
Trilia,8 Burning Wood Avenue,Silver Spring,MD,1/1/16,6/30/16,46,230,69.44,63.24,1.02,3.66,3.47,0,4.55,1,0,18.38,18.56,18.33,8.63,73530,4,23,33,24,10,5,1,95.73
Gabtune,56003 Kipling Terrace,Hicksville,NY,1/1/16,6/30/16,64,217,69.71,68.86,1.33,3.67,4.43,0,4.27,1,1,17.73,17.35,18.34,7.9,74067,5,23,35,23,9,5,0,91.3
Yamia,10 Ludington Crossing,Palm Bay,FL,1/1/16,6/30/16,40,249,60.46,64.62,1.7,3.9,4.24,1,4.79,0,0,17.45,17.65,18.31,8.06,72183,5,20,38,24,10,6,0,90.75
Eazzy,06314 Atwood Junction,Beaumont,TX,1/1/16,6/30/16,73,216,65.09,61.58,1.48,3.25,3.55,1,4.06,0,1,18.82,18.68,17.88,8.27,73894,4,23,30,23,8,4,0,90.17
Skimia,10 Russell Street,Memphis,TN,1/1/16,6/30/16,48,216,67.1,61.9,1.02,3.52,4.53,1,4.93,1,0,17.53,17.55,18.37,8.97,72831,3,23,36,21,8,5,1,93.44
Skimia,4 Norway Maple Point,Warren,MI,1/1/16,6/30/16,50,217,60.83,65.23,1.11,3.16,4.42,1,4.4,0,0,17.18,17.19,17.71,8.93,72475,4,21,38,25,10,4,1,95.42
Zooveo,88 Carioca Court,San Antonio,TX,1/1/16,6/30/16,51,250,61.41,63.39,1.36,3.32,4.22,0,4.79,1,0,18.15,18.08,17.53,8.44,71571,3,24,30,25,8,6,1,91.48
Dynabox,89848 Carioca Crossing,West Palm Beach,FL,1/1/16,6/30/16,59,250,66.27,61.45,1.53,3.32,4.99,1,4.86,1,0,17.32,18.03,17.06,8.32,70231,4,23,30,20,8,5,0,93.35
Eimbee,6 Homewood Trail,Louisville,KY,1/1/16,6/30/16,54,243,66.01,67.68,1.87,3.01,3.06,1,4.9,1,1,17.39,18.85,17.59,7.31,71155,5,20,33,25,8,5,1,95.41
Zoonoodle,408 Bobwhite Place,White Plains,NY,1/1/16,6/30/16,75,207,62.47,68.25,2,3.5,3.18,1,4.42,0,1,18.91,17.74,18.85,8.89,72868,3,20,37,20,9,4,0,95.23
Miboo,8 Leroy Plaza,Shawnee Mission,KS,1/1/16,6/30/16,59,222,66.98,66.67,1.77,3.56,3.64,0,4.17,1,1,17.93,17.92,17.98,7.21,71061,3,25,37,25,10,4,0,90.89
Meemm,49 Towne Alley,Tucson,AZ,1/1/16,6/30/16,65,208,64.41,60.45,1.69,3.57,3.83,0,4.61,0,1,18.38,17.13,17.3,8.92,74208,5,23,30,23,8,4,1,93.84
Livetube,51137 Doe Crossing Drive,Brooklyn,NY,1/1/16,6/30/16,70,232,67.52,65.96,1.65,3.64,4.24,1,4.16,1,0,18.06,17.22,18.19,8.25,74432,3,22,35,22,8,6,0,92.29
Innotype,90 Memorial Junction,Albany,NY,1/1/16,6/30/16,54,209,69.44,66.8,1.73,3.59,3.18,0,4.42,1,0,18.57,17.96,17.14,7.86,70905,3,23,33,24,10,4,0,93.83
Edgeblab,59088 Rowland Crossing,Winston Salem,NC,1/1/16,6/30/16,43,237,65.13,60.44,1.06,3.45,3.59,0,4.38,0,0,18.75,17.85,17.25,7.11,74581,4,20,37,23,9,5,1,92.09
Wordify,7 Esker Center,Athens,GA,1/1/16,6/30/16,74,249,69.72,65.23,1.94,3.47,4.88,1,4.12,1,1,17.57,18.16,18.23,7.17,72037,5,23,38,25,8,4,0,90.73
Npath,6834 Eastlawn Drive,Nashville,TN,1/1/16,6/30/16,45,209,63.61,65.99,1.35,3.04,3.81,1,4.74,1,0,17.97,18.21,18.39,7.4,74280,5,21,37,20,9,5,0,95.77
Leenti,021 Rusk Lane,Lynn,MA,1/1/16,6/30/16,61,220,64.07,66.92,1.67,3.36,3.39,1,4.59,0,0,18.27,18.89,17.01,8.33,73474,5,22,36,23,8,4,0,92
Izio,79 Westerfield Crossing,Katy,TX,1/1/16,6/30/16,50,225,67.11,66.25,1.46,3.19,4.37,0,4.06,1,1,18.91,18.27,18.69,7.42,74100,4,21,37,23,8,6,1,91.75
Midel,6459 Roth Plaza,Rockford,IL,1/1/16,6/30/16,73,202,62.58,63.58,1.68,3.84,3.09,0,4.66,0,1,18,17.74,17.84,7.74,71621,4,22,30,20,10,5,1,91.42
Blogtags,10615 Scott Drive,Newark,NJ,1/1/16,6/30/16,46,234,67.35,64.29,1.19,3.52,4.97,1,4.39,0,1,17.52,18.69,18.9,8.27,71176,4,25,34,22,10,4,1,92.93
Kwideo,4 Fairfield Center,Columbus,OH,1/1/16,6/30/16,44,246,61.47,61.7,1.03,3.95,4.15,0,4.98,1,0,18.72,17.85,17.52,7.46,71307,4,24,31,22,9,4,1,94.25
Dablist,3747 Vermont Alley,Sacramento,CA,1/1/16,6/30/16,70,238,61.96,60.41,1.1,3.35,3.82,0,4.85,0,1,17.09,17.17,18.01,7.1,71323,3,20,31,22,9,4,0,92.56
Mycat,4 Muir Drive,Fort Wayne,IN,1/1/16,6/30/16,61,214,68.63,68.25,1.94,3.13,3.11,0,4.06,0,0,17.82,17.01,17.63,8.66,73185,4,24,31,22,8,4,0,92.69
Browsetype,72 Del Mar Alley,Atlanta,GA,1/1/16,6/30/16,41,238,61.74,65.59,1.07,3.15,3.2,1,4.2,0,1,17.38,17.31,18.41,8.23,74770,5,23,32,24,8,4,1,91.08
Cogibox,146 Jackson Hill,Los Angeles,CA,1/1/16,6/30/16,64,246,60.42,67.3,1.35,3.01,3.26,0,4.92,0,1,18.78,17.5,18.26,7.75,70277,4,23,38,23,9,6,1,94.95
Yata,163 Manufacturers Street,Miami,FL,1/1/16,6/30/16,47,219,60.19,63.78,1.28,3.82,3.36,0,4.29,1,1,17.39,17.48,17.14,7.67,73805,4,22,32,24,8,5,0,90.03
Skyvu,389 Onsgard Crossing,Mobile,AL,1/1/16,6/30/16,54,214,66.41,69.23,1.46,3.08,4.01,1,4.33,0,1,17.05,18.05,18.51,7.43,73394,4,24,31,20,8,4,1,90.51
Jaxnation,56489 Farragut Court,Austin,TX,1/1/16,6/30/16,56,248,69.62,60.85,1.14,3.01,4.95,0,4.15,1,1,18.24,17.89,17.22,7.52,73604,3,23,37,25,8,5,1,94.76
Layo,98 Golf Alley,Asheville,NC,1/1/16,6/30/16,57,222,66.13,63.56,1.76,3.38,3.44,0,4.75,0,0,18.84,18.69,18.71,8.56,71079,4,22,32,24,10,6,1,94.43
Wordware,64565 Loomis Point,Raleigh,NC,1/1/16,6/30/16,72,206,64.74,65.04,1.11,3.78,3.6,1,4.85,1,0,17.42,17.25,18.16,7.33,74034,4,22,35,25,8,5,0,92.9
DabZ,4 Hagan Pass,Murfreesboro,TN,1/1/16,6/30/16,58,212,66.08,64.93,1.12,3.37,4.94,0,4.42,1,1,17.7,17.11,18.07,8.41,71333,5,23,36,23,9,5,0,90.39
Roomm,174 Basil Drive,Honolulu,HI,1/1/16,6/30/16,71,226,66.17,65.59,1.14,3.91,4.21,0,4.01,1,1,17.64,18.98,17.48,8.74,73585,5,20,30,25,10,4,1,94.24
Janyx,9 Banding Court,Lubbock,TX,1/1/16,6/30/16,65,228,60.79,62.57,1.44,3.03,4.11,1,4.51,0,0,18.45,18.93,18.5,8.28,73107,5,20,36,25,8,5,0,95.58
Jaxbean,3686 Schmedeman Avenue,Seattle,WA,1/1/16,6/30/16,67,208,68.81,60.77,1.61,3.73,3.36,0,4.26,0,0,17.55,17.69,17.02,7.25,72094,3,22,32,21,9,5,1,92.63
Zoozzy,7 North Plaza,Washington,DC,1/1/16,6/30/16,56,226,63.45,63.61,1.72,3.37,4.96,0,4.13,1,1,17.83,18.64,17.35,8.3,71746,4,21,34,23,10,5,0,93.1
Yodoo,42974 Fair Oaks Terrace,Concord,CA,1/1/16,6/30/16,42,219,69.03,61.61,1.66,3.42,4.38,1,4.53,1,1,17.17,17.93,18.51,8.4,73306,3,24,31,23,9,4,1,94.98
Eire,74888 Anderson Drive,Temple,TX,1/1/16,6/30/16,52,207,69.17,62.47,1.59,3.79,4.52,0,4.46,1,1,18.02,17.38,17.64,7.99,71854,4,24,37,23,9,4,0,92.72
Jabberstorm,8005 Manitowish Point,Washington,DC,1/1/16,6/30/16,51,249,62.5,64.73,1.18,3.98,4.26,0,4.03,0,0,17.87,18.9,18.72,8.47,74038,4,24,38,22,9,5,1,94.72
Quinu,910 Fieldstone Alley,Muskegon,MI,1/1/16,6/30/16,50,200,60.29,66.6,1.4,3.84,4.7,0,4.38,1,0,18.15,18.03,18.7,7.6,71427,5,24,34,21,10,4,1,94.02
Wikibox,25628 Di Loreto Pass,Arlington,TX,1/1/16,6/30/16,65,206,61.81,63.04,1.77,3.95,3.24,0,4.26,0,1,17.61,17.36,17.85,8.95,71955,3,22,30,24,9,5,1,95.35
Skyndu,0093 Northland Alley,Sioux Falls,SD,1/1/16,6/30/16,51,213,62.4,60.7,1.27,3.75,4.22,0,4.89,1,1,17.13,17.16,18.61,8.8,73502,3,22,32,24,9,5,0,91.56
Digitube,1 Killdeer Avenue,Worcester,MA,1/1/16,6/30/16,51,219,66.47,60.12,1.22,3.41,4.41,0,4.97,1,0,18.54,17.77,18.78,7.99,74881,5,22,33,24,9,5,1,92.99
Demivee,030 Raven Court,Charleston,WV,1/1/16,6/30/16,54,200,62.98,66.68,1.05,3,3.45,0,4.19,1,1,17.53,17.26,17.56,8.37,72079,3,25,32,24,9,4,0,92.15
Photobean,9865 American Terrace,Greensboro,NC,1/1/16,6/30/16,44,219,60.27,68.87,1.01,3.81,4.91,1,4.95,1,1,18.23,17.43,17.89,7.1,73713,3,22,30,24,9,5,0,94.29
Eamia,10090 Larry Street,Portland,OR,1/1/16,6/30/16,53,227,66.12,65.32,1.67,3.18,3.17,0,4.71,0,1,18.51,17.65,18.58,7.53,72488,4,20,33,24,8,4,1,90.69
Kwilith,75776 Cardinal Lane,New York City,NY,1/1/16,6/30/16,51,213,68.53,60.02,1.01,3.59,3.91,1,4.84,0,0,18.73,18.74,18.83,7.53,73211,4,20,34,20,8,6,1,90.19
Gabtype,0 Doe Crossing Terrace,Washington,DC,1/1/16,6/30/16,54,230,65.19,66.24,1.09,3.99,4.99,0,4.25,1,0,18.39,18.09,17.2,8.87,74163,5,25,34,25,9,6,1,90.32
Leenti,6543 Vernon Trail,Saint Paul,MN,1/1/16,6/30/16,70,222,65.34,68.61,1.82,3.6,3.82,0,4.62,0,1,17.38,17.1,18.71,8.34,73683,3,22,31,22,10,4,1,95.96
Livetube,86 Weeping Birch Drive,El Paso,TX,1/1/16,6/30/16,68,203,64.32,65.94,1.84,3.98,3.57,0,4.05,1,1,18.72,17.4,18.87,8.93,72329,5,24,38,21,8,6,0,93.79
Voonix,75 Cambridge Plaza,Rockford,IL,1/1/16,6/30/16,63,224,69.46,66.08,1.4,3.44,4.22,0,4.6,1,1,18.45,17.45,18.88,7.52,72679,4,24,33,25,8,6,1,90.45
Quaxo,06 Trailsway Drive,Naples,FL,1/1/16,6/30/16,74,240,65.86,61.78,1.42,3.25,3.6,0,4.86,1,0,17.82,17.71,17.22,8.35,74448,5,23,38,25,9,5,1,90.53
Quinu,57620 Thompson Center,Seattle,WA,1/1/16,6/30/16,54,250,62.5,69.72,1.39,3.18,3.14,0,4.4,1,0,18.59,17.22,17.03,8.17,71606,4,22,36,25,10,6,1,94.55
Voomm,1937 Elmside Street,Scottsdale,AZ,1/1/16,6/30/16,40,226,68.62,68.72,1.09,3.97,3.82,0,4.93,0,1,18.95,18.01,18.66,7.27,71240,5,23,34,25,10,5,1,95.51
Browsezoom,8 Stang Lane,Erie,PA,1/1/16,6/30/16,63,239,65.79,62.43,1.19,3.75,4.32,1,4.88,1,1,17.46,17.56,18.15,7.74,70391,4,22,33,21,10,5,0,92.62
Rhybox,08 Springview Parkway,Salt Lake City,UT,1/1/16,6/30/16,64,239,62.69,64.36,1.12,3.94,4.25,0,4.68,0,1,18.76,18.08,18.68,8.36,71858,3,20,35,21,9,6,0,90.7
Photobean,3964 Cherokee Center,Salt Lake City,UT,1/1/16,6/30/16,69,216,69.36,62.13,1.16,3.1,3.55,0,4.25,0,1,17.57,18.87,18.41,8.08,70274,4,24,30,20,10,5,1,93.3
Avamm,572 Lyons Point,Montgomery,AL,1/1/16,6/30/16,44,245,61.13,68.18,1.88,3.09,4.86,1,4.41,0,0,17.64,17.4,18.8,8.35,72926,5,25,31,20,8,5,0,92.35
Twitternation,8255 Sheridan Lane,Canton,OH,1/1/16,6/30/16,70,209,67.94,60.32,1.92,3.03,4.48,0,4.95,1,0,18.59,17.31,17.94,8.77,73272,4,20,36,24,9,4,0,92.42
Yakijo,46600 Duke Parkway,Spring Hill,FL,1/1/16,6/30/16,44,238,66.77,69.86,1.16,3.05,3.36,1,4.01,1,0,18.74,18.23,18.62,7.75,70005,4,22,38,20,8,6,1,94.95
Yadel,2 Bartillon Place,London,KY,1/1/16,6/30/16,72,209,69.58,64.59,1.51,3.95,3.44,0,4.9,1,0,17.22,18.32,18.88,7.2,70646,4,21,34,24,8,5,1,91.74
Skivee,8649 Mendota Place,Lubbock,TX,1/1/16,6/30/16,41,240,60.29,65.58,1.3,3.03,3.67,0,4.58,1,0,17.03,17.39,17.36,7.54,70446,5,24,33,22,9,5,1,93.09
Trilia,38 Harbort Avenue,Philadelphia,PA,1/1/16,6/30/16,49,250,68.4,63.39,1.63,3.65,4.06,0,4.89,1,1,18.85,17.69,18.4,7.02,72360,4,23,32,22,9,6,0,90.93
Oyonder,95 Nancy Circle,Pueblo,CO,1/1/16,6/30/16,55,218,62.94,63.71,1.91,3.93,3.26,0,4.64,1,1,18.39,18.21,17.51,8.39,74281,4,24,34,24,10,5,1,92.07
Camido,305 Parkside Drive,Waterbury,CT,1/1/16,6/30/16,40,243,68.07,68.1,1.84,3.75,4.46,1,4.87,1,1,17.86,17.11,17.48,7.92,72435,3,24,34,20,9,4,1,93.16
LiveZ,58672 Eastwood Center,Colorado Springs,CO,1/1/16,6/30/16,69,232,60.15,69.01,1.94,3.71,4.93,1,4.77,0,0,17.11,18.65,18.24,8.41,72693,4,21,32,24,8,6,1,91.48
Jabberstorm,1030 Esch Crossing,Midland,TX,1/1/16,6/30/16,70,244,68.51,68.09,1.82,3.77,3.19,0,4.67,0,0,18.54,18.33,17.62,8.8,71563,5,25,30,25,9,6,0,95.22
Devbug,096 Morningstar Center,Sacramento,CA,1/1/16,6/30/16,56,230,64.91,67.73,1.6,3.97,4.87,1,4.12,0,0,17.72,17.79,17.38,7.22,70955,5,21,32,22,9,6,0,93.62
Camimbo,30073 Armistice Trail,Denver,CO,1/1/16,6/30/16,53,249,66.56,68.7,1.05,3.58,4,1,4.78,1,0,18.72,18.27,18.25,7.73,71699,5,20,36,24,9,6,0,95.91
Pixoboo,1864 Saint Paul Trail,Memphis,TN,1/1/16,6/30/16,71,233,68.54,69.55,1.35,3.66,4.5,1,4.23,1,0,17.94,18.6,18.33,8.27,74704,5,25,35,23,8,6,0,93.83
Innotype,5 Mariners Cove Plaza,Saint Louis,MO,1/1/16,6/30/16,44,237,61.86,65.77,1.61,3.07,4.21,1,4.32,1,0,17.76,17.74,17.3,8.46,70326,3,25,37,24,9,5,0,90.25
Zoonder,93472 Northland Alley,Fresno,CA,1/1/16,6/30/16,65,239,64.15,66.02,1.52,3.07,4.91,0,4.16,1,0,18.71,17.46,18.5,8.79,73185,4,25,37,22,8,5,1,94.88
Thoughtmix,957 Oriole Place,Saint Louis,MO,1/1/16,6/30/16,73,244,60.69,67.45,1.23,3.6,4.6,0,4.72,0,0,17.02,17.63,17.19,7.27,74551,4,20,35,25,10,5,0,95.98
Trilia,3 Elmside Pass,Waltham,MA,1/1/16,6/30/16,75,202,65,65.45,1.29,3.54,4.51,0,4.78,0,0,17.24,18.22,18.09,8.75,74368,5,23,30,23,8,4,0,92.79
Talane,5198 Oriole Terrace,Charleston,WV,1/1/16,6/30/16,52,204,64.72,63.24,1.93,3.49,3.6,0,4.75,1,1,18.85,18.44,17.27,7.53,74766,3,22,34,25,9,5,0,93.08
Topicstorm,1661 Express Avenue,Seattle,WA,1/1/16,6/30/16,67,225,62.79,68.4,1.84,3.25,3.52,1,4.8,1,0,18.25,18.23,17.96,8.76,72492,4,22,31,21,10,6,1,94.07
Buzzster,13 Southridge Plaza,Silver Spring,MD,1/1/16,6/30/16,73,216,67.21,62.14,1.55,3.63,4.23,0,4.5,0,0,18.65,18.63,18.79,7.65,70562,5,21,35,20,8,4,0,90.29
Zoomzone,35 Stone Corner Park,Carson City,NV,1/1/16,6/30/16,44,222,66.86,63.97,1.3,3.11,3.1,0,4.23,1,0,17.6,17.61,17.66,7.42,72590,3,23,34,22,8,6,0,95.33
Zoomlounge,4 Scofield Court,Topeka,KS,1/1/16,6/30/16,73,230,60.06,66.53,1.68,3.98,4.85,1,4.88,1,0,18.8,17,18.31,7.41,74570,3,24,32,21,9,5,0,95.54
Aivee,127 David Pass,Washington,DC,1/1/16,6/30/16,61,244,68.72,69.67,1.06,3.47,4.14,0,4.52,1,1,17.2,18.14,18.98,8.73,73742,3,24,33,21,10,5,0,91.08
Trudeo,5804 Northfield Court,Wilmington,DE,1/1/16,6/30/16,74,203,67.72,65.23,1.1,3.4,4.05,0,4.97,0,1,18.94,17.44,17.14,8.42,74386,3,22,36,25,9,5,0,91.99
Yakitri,0454 Bluestem Street,Tampa,FL,1/1/16,6/30/16,59,224,69.19,61.89,1.21,3.11,4.36,0,4.26,0,0,18.13,17.3,18.98,7.72,72304,3,25,34,25,9,4,1,93.32
Realpoint,9713 American Ash Park,Houston,TX,1/1/16,6/30/16,41,234,67.93,67.56,1.97,3.83,3.79,0,4.06,1,0,17.98,17.5,18.33,7.71,74445,4,25,37,23,10,6,1,92.5
Thoughtstorm,02 Coolidge Center,New Brunswick,NJ,1/1/16,6/30/16,62,205,67.74,64,1.4,3.87,4.1,0,4.21,1,0,18.45,18.23,18.02,7.07,73715,5,25,35,24,8,4,0,92.79
Mynte,24 Montana Street,El Paso,TX,1/1/16,6/30/16,63,227,63.45,65.61,1.54,3.22,3.24,0,4.43,0,0,18.04,17.12,18.45,8.98,74360,3,22,30,22,9,4,0,90.67
Photofeed,3 Dawn Terrace,Omaha,NE,1/1/16,6/30/16,62,241,61.69,66.11,1.21,3.59,4.85,1,4.31,0,0,18.28,17.17,17.37,7.25,72317,3,22,33,20,8,5,1,92.22
Roodel,65 Buhler Center,Tacoma,WA,1/1/16,6/30/16,64,208,67.21,61.77,1.93,3.91,4.45,1,4.52,1,0,17.11,17.86,18.39,7.86,73244,5,25,34,22,10,6,1,93.96
Trilith,4 Warrior Road,Birmingham,AL,1/1/16,6/30/16,69,227,63.22,64.66,1.02,3.31,3.17,1,4.9,1,0,18.26,18.21,18.09,8.29,71448,3,24,34,20,8,5,1,92.23
Voonix,5187 Dovetail Crossing,Fort Lauderdale,FL,1/1/16,6/30/16,66,221,61.28,68.65,1.1,3.94,4.07,1,4.88,0,0,17.88,17.47,17.59,7.05,73057,4,24,37,21,9,4,1,92.25
Yambee,6 Logan Terrace,Wichita,KS,1/1/16,6/30/16,70,217,61.31,69.44,1.18,3.87,3.36,0,4.02,0,0,18.2,17.58,18.64,7.65,70237,3,24,33,25,9,5,0,90.6
Mymm,03564 Thackeray Court,San Antonio,TX,1/1/16,6/30/16,66,249,61.2,62.05,1.96,3.31,4.88,0,4.91,0,0,18.48,17.62,18.46,7.96,70364,4,22,36,20,10,5,0,94.8
Riffwire,6385 Farwell Point,Jacksonville,FL,1/1/16,6/30/16,65,235,65.54,62.81,1.16,3.58,3.2,0,4.73,0,1,17.18,17.21,18.18,7.42,73833,4,25,35,23,10,4,1,94.17
Fadeo,29 Marquette Crossing,Dayton,OH,1/1/16,6/30/16,74,201,61.73,69.51,1.22,3.57,4.94,1,4.96,0,0,17.16,17.08,18.44,8.29,73799,5,21,33,24,8,6,1,90.09
Tavu,09 Maple Park,Lake Charles,LA,1/1/16,6/30/16,54,229,66.6,67.59,1.52,3.03,3.65,0,4.77,1,0,17.47,18.84,17.01,7.54,72937,5,24,33,21,9,5,1,90.43
Nlounge,5654 Ridgeview Terrace,Reno,NV,1/1/16,6/30/16,41,226,69.73,67.17,1.15,3.69,3.78,1,4.63,0,1,18.05,17.29,17.79,8.65,73737,3,20,38,25,9,4,1,94.66
Zava,4 Kenwood Hill,Evansville,IN,1/1/16,6/30/16,49,243,66.63,66.58,1.59,3.86,4.39,0,4,1,0,18.19,18.91,18.12,7.51,73797,4,20,30,22,8,5,1,94.54
Skiptube,38 Sunnyside Plaza,Salt Lake City,UT,1/1/16,6/30/16,42,219,62.37,68.46,1.43,3.78,4.67,1,4.24,1,1,17.66,17.57,18.35,8.16,71038,3,23,31,22,8,6,1,93.04
Voolia,87860 Trailsway Terrace,Savannah,GA,1/1/16,6/30/16,73,230,65.75,65.27,1.26,3.11,4.03,0,4.35,1,1,17.17,18.7,18.16,8.27,70414,5,23,32,23,10,4,1,95.77
Babbleblab,03600 Donald Junction,New York City,NY,1/1/16,6/30/16,70,220,66.36,63.42,1.62,3.76,3.16,1,4.78,1,1,17.38,18.43,18.09,8.14,71673,5,25,38,21,9,6,1,92.54
Trunyx,37 Lunder Park,Akron,OH,1/1/16,6/30/16,57,232,64.29,66.76,1.5,3.19,3.98,1,4.01,0,1,17.82,17.7,17.52,9,72025,3,23,33,22,9,5,1,91.28
Teklist,10878 Warrior Road,Vancouver,WA,1/1/16,6/30/16,49,209,69.06,62.05,1.32,3.93,4.47,0,4.22,1,1,18.3,17.62,18.72,7.75,73948,4,23,36,22,10,6,0,90.48
Twitternation,6 Moulton Place,Ridgely,MD,1/1/16,6/30/16,46,236,61.66,63.06,1.11,3.35,3.98,0,4.99,1,1,17.12,17.54,17.47,7.29,71381,3,21,33,20,9,5,0,93.88
Voonyx,476 Green Hill,Fort Wayne,IN,1/1/16,6/30/16,40,250,62.39,69.6,1.07,3.96,4.72,0,4.74,1,0,18.44,18.57,17.14,8.03,74459,3,25,34,21,10,6,0,90.53
Wordtune,2151 Dorton Pass,Honolulu,HI,1/1/16,6/30/16,69,212,61.4,67.59,1.17,3.63,4.02,0,4.96,1,1,17.97,18.98,17.33,7.33,73819,3,23,30,20,8,6,1,90.87
Mydeo,003 Katie Lane,Atlanta,GA,1/1/16,6/30/16,58,245,63.47,63.9,1.09,3.52,4.08,1,4.37,1,0,18.95,18.06,18.73,7.82,71830,4,22,38,24,9,4,0,95.29
Einti,20 Pawling Park,Greensboro,NC,1/1/16,6/30/16,72,215,63.72,65.7,1.16,3.93,3.94,0,4.08,1,0,17.76,18.55,18.55,8.58,70368,5,22,34,22,10,5,1,93.23
Eare,6 Coleman Street,Virginia Beach,VA,1/1/16,6/30/16,68,223,69.42,69.54,1.5,3.88,4.37,1,4.03,1,0,17.84,17.47,18.79,7.45,73301,3,25,34,23,8,5,1,92.14
Camimbo,140 Manitowish Alley,Memphis,TN,1/1/16,6/30/16,59,234,61.33,67.08,1.39,3.26,3.71,1,4.16,1,1,18.11,18.61,18.68,8.5,70792,3,22,30,20,8,6,1,95.12
Wikibox,0624 Namekagon Junction,Dallas,TX,1/1/16,6/30/16,45,208,62.9,67.29,1.57,3.98,4.76,1,4.4,0,0,18.05,17.03,17.7,8.32,71936,4,24,31,24,10,6,1,95.69
Tagpad,456 Grayhawk Place,Pueblo,CO,1/1/16,6/30/16,62,214,65.24,67.29,1.05,3.63,4.85,0,4.88,0,0,18.39,18.82,18.53,7.56,72180,4,23,36,24,10,6,0,95.39
Skyba,63228 Badeau Avenue,Sarasota,FL,1/1/16,6/30/16,40,204,65.27,67.47,1.87,3.26,3.26,1,4.52,0,0,18.65,17.82,18.52,8.19,74181,4,20,32,22,10,5,1,91.31
Yodo,8916 Schlimgen Place,Cedar Rapids,IA,1/1/16,6/30/16,41,217,64.94,67.51,1.56,3.05,3.21,1,4.19,1,1,17.54,17.62,18.12,7.5,71063,4,21,30,21,10,5,1,95.92
Wikido,85 Clarendon Hill,Irvine,CA,1/1/16,6/30/16,43,224,61.06,61.84,1.37,3.96,4.58,1,4.1,0,1,17.24,17.38,18.82,7.74,70914,5,23,34,21,10,6,0,93.42
Tagpad,7783 Graceland Way,Norfolk,VA,1/1/16,6/30/16,65,225,60.21,65.55,1.76,3.28,4.8,1,4.86,1,0,18.79,17.39,18.54,7.45,74515,5,23,31,22,10,6,0,90.13
Meezzy,0 Steensland Plaza,Lincoln,NE,1/1/16,6/30/16,62,238,61.72,67.88,1.7,3.06,4.2,0,4.88,1,0,17.2,17.22,17.77,8.77,74912,5,23,35,23,8,5,1,91.16
Skiba,6100 Fair Oaks Center,San Diego,CA,1/1/16,6/30/16,75,244,64.51,63.29,1.52,3.44,3.65,1,4.77,0,0,17.63,18.16,17.21,7.18,70042,4,25,35,23,10,4,1,91.5
Blogtags,293 Bonner Center,Las Vegas,NV,1/1/16,6/30/16,47,242,67.28,65.4,1.67,3.05,4.74,1,4.77,0,0,18.58,17.16,18.29,8.82,74557,3,21,31,21,8,4,1,90.41
Katz,1 Dorton Street,Charleston,WV,1/1/16,6/30/16,65,213,66.58,67.17,1.33,3.55,4.11,1,4.42,1,1,17.86,18.07,17.03,7.97,74028,3,20,32,23,8,6,0,93.87
Jabbertype,8407 Rowland Road,Detroit,MI,1/1/16,6/30/16,40,250,61.7,63.86,1.7,3.24,3.26,0,4.55,1,0,17.12,17.79,18.51,7.04,71222,3,22,35,21,10,4,1,93.01
Brainlounge,79 Esker Lane,Augusta,GA,1/1/16,6/30/16,42,210,67.5,65.7,1.48,3.95,3.92,0,4.05,1,0,18.36,17.77,17.42,8.46,74419,3,21,32,20,9,5,1,95.89
Kazio,9 Brown Alley,Wichita,KS,1/1/16,6/30/16,73,205,65.95,67.74,1.42,3.05,4.09,1,4.03,1,1,18.7,17.04,18.82,7.56,72140,4,24,37,23,8,4,0,95.44
Avamba,8 Melby Court,Miami,FL,1/1/16,6/30/16,74,250,67.52,60.95,1.02,3.33,4.42,0,4.93,1,0,18.59,17.04,18.43,8.69,74849,3,25,37,20,10,6,1,90.62
Livetube,5341 Banding Terrace,Buffalo,NY,1/1/16,6/30/16,73,216,66.68,67.11,1.46,3.09,4.71,0,4.11,0,0,17.86,17.74,18.72,8.56,72325,3,23,32,23,10,5,0,95.06
Topicware,136 Union Hill,Buffalo,NY,1/1/16,6/30/16,72,207,61.89,68.1,1.39,3.26,4.14,1,4.79,0,0,17.96,18.9,17.69,7.37,74631,3,24,36,21,9,5,0,92.55
Eabox,6456 Loomis Trail,Inglewood,CA,1/1/16,6/30/16,42,240,68.51,66.21,1.73,3.33,4.13,0,4.62,0,0,18.52,17.83,17.41,8.31,71409,5,20,37,23,10,4,0,94.73
Jazzy,243 Sachtjen Point,Oxnard,CA,1/1/16,6/30/16,61,247,63.57,67.64,1.13,3.96,4.72,1,4.91,1,0,18.84,17.71,17.4,8.52,71554,4,24,33,21,10,4,0,93.22
Yombu,81678 Buell Alley,Moreno Valley,CA,1/1/16,6/30/16,44,223,68.28,65,1.46,3.27,3.27,0,4.08,0,1,17.25,17.68,17.06,8.89,71950,5,21,32,24,8,5,1,90.19
Photofeed,037 Ridgeway Pass,Austin,TX,1/1/16,6/30/16,44,243,65.18,62.92,1.59,3.62,3.82,1,4.45,0,1,18.52,18.82,18.29,7.81,74743,3,21,30,23,10,4,0,92.03
Yabox,709 2nd Parkway,Newark,DE,1/1/16,6/30/16,63,221,66.89,67.07,1.32,3.38,3.37,1,4.75,1,1,18.19,18.65,18.05,7.12,73605,3,20,37,21,10,5,0,95.93
Blogpad,837 Sauthoff Avenue,El Paso,TX,1/1/16,6/30/16,68,237,60.15,64.03,1.21,3.28,3,1,4.11,1,1,18.19,17.79,17.58,7.05,74773,4,22,36,25,10,4,1,93.26
Wikibox,95 Del Sol Avenue,Lexington,KY,1/1/16,6/30/16,65,212,63.86,66.52,1.41,3.88,4.81,1,4.89,1,0,18.76,17.34,17.97,8.01,72787,5,21,38,24,10,6,0,91.5
Blognation,30 Talisman Place,Wilkes Barre,PA,1/1/16,6/30/16,62,230,68.74,63.65,1.63,3.97,4.28,0,4.94,1,1,17.77,17.19,18.64,7.58,71977,5,25,36,21,8,4,0,95.01
Chatterpoint,7 Oak Valley Way,Honolulu,HI,1/1/16,6/30/16,67,236,67.56,60.09,1,3.56,3.03,0,4.91,1,1,18.27,17.03,18.08,8.08,71843,4,21,32,20,10,6,1,95.54
Eimbee,85313 1st Circle,Memphis,TN,1/1/16,6/30/16,62,206,68.88,66.59,1.69,3.52,3.66,1,4.6,1,1,17.32,18.49,17.62,7.6,70395,3,23,38,21,8,4,1,90.24
Jabberstorm,51 East Street,Newark,NJ,1/1/16,6/30/16,60,222,67.27,68.63,1.26,3.07,3.83,1,4.85,0,1,18.11,17.76,18.04,7.58,74190,3,25,37,25,8,6,0,95.81
Buzzdog,37 Brentwood Center,Schenectady,NY,1/1/16,6/30/16,70,220,60.04,67.73,1.63,3.16,4.31,1,4.43,0,0,18.45,17.1,18.6,8.88,70608,5,21,38,21,10,4,0,95.51
Vinte,0 Swallow Alley,El Paso,TX,1/1/16,6/30/16,49,241,69.23,62.22,1.73,3.03,3.79,1,4.1,1,1,18.09,18.21,18.33,8.23,73933,3,23,38,20,10,6,1,91.56
Livepath,8 Roxbury Center,Boston,MA,1/1/16,6/30/16,66,200,64.95,61.58,1.78,3.72,3.86,0,4.66,1,0,18.75,17.42,18.98,7.92,71181,5,22,36,25,9,5,0,94.49
Oyondu,92663 Nevada Drive,San Antonio,TX,1/1/16,6/30/16,51,207,61.07,62.14,1.08,3.18,4.79,1,4.9,0,0,18.57,17.73,17.51,7.34,70075,4,20,38,23,9,6,1,92.81
Leenti,04147 Swallow Drive,Bethlehem,PA,1/1/16,6/30/16,72,216,68.66,69.46,1.23,3.79,4.02,0,4.1,1,0,17.66,18.62,18.65,8.93,72318,4,25,35,23,9,6,1,95.28
Divavu,24 Lunder Point,Tampa,FL,1/1/16,6/30/16,47,211,67.87,63.69,1.87,3.18,3.25,0,4.75,1,0,17.62,18.21,17.05,8.89,70992,5,24,34,21,10,5,0,90.63
Dynazzy,9257 Melrose Parkway,Sacramento,CA,1/1/16,6/30/16,64,238,60.88,60.48,1.34,3.17,4.71,1,4.38,1,0,18.11,18.87,17.13,8.39,74070,3,25,31,25,9,5,1,95.87
Thoughtblab,48591 Memorial Road,Akron,OH,1/1/16,6/30/16,46,224,67.62,64.64,1.38,3.45,3.61,1,4.5,0,1,17.58,18.32,18.78,8,70767,4,21,32,24,8,6,0,95.53
Camimbo,4769 Johnson Plaza,Jersey City,NJ,1/1/16,6/30/16,53,228,61.59,69.28,1.08,3.04,4.54,0,4.18,0,1,17.99,18.23,17.76,8.37,73588,3,22,36,23,9,4,0,92.98
Thoughtworks,61357 Killdeer Park,Lynn,MA,1/1/16,6/30/16,73,203,64.04,68.18,1.03,3.69,4.87,1,4.26,1,0,17.62,17.3,18.27,7.73,72689,5,25,32,21,9,6,0,92.96
Gabtune,979 Coolidge Hill,Herndon,VA,1/1/16,6/30/16,53,245,67.88,68.02,1.99,3.5,3.1,0,4.6,0,1,18.78,18.54,18.36,7.13,74032,4,20,37,22,8,5,1,92.88
Roombo,979 Shoshone Hill,El Paso,TX,1/1/16,6/30/16,58,242,66.77,60.7,1.85,3.95,3.08,1,4.3,0,1,17.13,17.71,18.37,8.53,71452,4,24,36,23,8,4,0,93.27
Plajo,9 Fordem Avenue,Dallas,TX,1/1/16,6/30/16,58,214,62.37,68.8,1.22,3.42,4.16,1,4.59,0,1,18.47,17.9,17.15,7.37,70617,3,23,36,25,10,5,0,95.79
Aimbu,35054 Barby Center,Lincoln,NE,1/1/16,6/30/16,43,246,60.59,62.18,1.83,3.3,3.36,0,4.87,1,1,18.99,18.08,18.52,7.07,73907,5,22,30,25,9,4,1,94.96
Eire,83 Burning Wood Avenue,Dallas,TX,1/1/16,6/30/16,41,235,64.62,67.05,1.85,3.17,4.83,0,4.05,0,1,17.79,17.96,17.71,7.18,71300,3,21,30,23,10,5,1,93.57
Einti,709 Sauthoff Place,Minneapolis,MN,1/1/16,6/30/16,64,226,64.44,63.76,1.35,3.53,3.99,1,4.81,0,0,17.35,17.45,18.8,8.58,70796,5,20,38,23,8,6,1,91.64
LiveZ,73 Shasta Junction,Charleston,WV,1/1/16,6/30/16,62,203,68.33,61.3,1.73,3.34,4.47,0,4.35,1,0,18.45,18.68,17.63,7.69,71922,5,21,34,21,9,6,0,90.76
Kwilith,57 Sheridan Pass,Washington,DC,1/1/16,6/30/16,70,229,61.05,66.96,1.53,3.52,3.43,0,4.52,1,1,17.52,17.44,17.09,8.6,71676,3,25,33,25,8,6,1,93.23
Zoonoodle,59164 Debra Park,New York City,NY,1/1/16,6/30/16,71,241,60.31,61.73,1.85,3.17,3.83,1,4.88,0,1,18.37,17.44,18.8,8.49,71473,4,25,33,25,9,5,1,90.85
Twitterbeat,318 8th Terrace,Florence,SC,1/1/16,6/30/16,72,231,68.78,62.45,1.93,3.47,3.57,1,4.12,0,0,18.93,18.68,18.41,8.7,72536,4,24,32,23,8,6,1,93.68
Zoozzy,0 Surrey Way,Washington,DC,1/1/16,6/30/16,69,217,60.74,60.1,1.66,3.26,4.4,1,4.8,1,1,17.9,17.95,17.42,8.29,70376,4,24,31,20,10,6,1,90.08
Plajo,7035 Michigan Crossing,Schaumburg,IL,1/1/16,6/30/16,45,236,65.15,63.31,1.1,3.04,3.58,0,4.69,0,1,18.21,17.06,18.49,7.44,72251,3,23,30,24,9,6,0,93.25
Oyope,9 Burrows Drive,Youngstown,OH,1/1/16,6/30/16,67,236,67.03,60.79,1.19,3.51,3.28,1,4.66,1,0,18.47,18.62,17.61,8.87,73284,4,20,36,25,10,4,1,95.3
Gigabox,334 Prentice Trail,Carson City,NV,1/1/16,6/30/16,50,247,60.37,63.48,1.85,3.52,3.09,0,4.07,0,0,17.4,17.56,18.31,8.15,73016,5,20,36,20,9,5,0,90.66
Wikibox,0206 Burrows Crossing,Young America,MN,1/1/16,6/30/16,74,248,69.5,64.99,1.09,3.95,3.2,1,4.03,1,0,17.13,17.76,18.67,8.46,74380,5,20,35,25,10,4,0,94.48
Rhyzio,1 Magdeline Circle,West Palm Beach,FL,1/1/16,6/30/16,62,208,61.94,63.68,1.16,3.48,3.46,0,4.11,0,0,18.81,17.18,18.53,7.64,72650,5,21,31,22,8,6,1,90.86
Fliptune,65 Dunning Circle,Pittsburgh,PA,1/1/16,6/30/16,50,250,62.64,67.19,1.34,3.21,4.3,1,4.05,1,0,17.96,17.32,18.15,8.25,70133,5,23,36,25,10,4,1,91.33
Mydo,7985 Arkansas Trail,Lubbock,TX,1/1/16,6/30/16,55,225,62.9,69.01,1.12,3.03,3.56,0,4.52,0,0,17.79,18.27,18.11,8.91,73612,5,21,37,20,10,6,0,90.37
Cogilith,40156 Jackson Court,Grand Forks,ND,1/1/16,6/30/16,41,207,68.35,67.62,1.32,3.86,4.69,0,4.39,1,0,18.2,18.26,18.65,7.05,70137,4,25,32,24,9,5,0,95.42
Twiyo,65 Crownhardt Road,Tyler,TX,1/1/16,6/30/16,40,205,68.54,68.61,1.39,3.28,3.73,0,4.39,1,0,17.95,17.26,18.3,7.98,74436,4,24,34,25,8,5,0,94.93
Babblestorm,0212 Red Cloud Point,Peoria,IL,1/1/16,6/30/16,73,207,68.35,64.66,1.72,3.18,4.33,1,4.11,1,1,18.4,17.37,18.9,8.77,72075,4,21,33,24,8,6,0,92.37
Jaxnation,89681 Beilfuss Junction,Saint Petersburg,FL,1/1/16,6/30/16,49,248,62.54,69.62,1.72,3.86,3.62,0,4.53,0,1,18.4,18.32,18.77,7.43,74907,4,20,32,22,8,6,0,95.1
Roombo,80 Utah Place,Naples,FL,1/1/16,6/30/16,66,201,68.1,67.56,1.59,3.02,3.73,0,4.52,0,1,17.49,18.42,17.64,7.51,70373,5,20,34,20,10,5,1,90.59
Avaveo,0 Glendale Plaza,Kansas City,MO,1/1/16,6/30/16,73,203,63.48,62.12,1.38,3.71,4.44,0,4.82,1,0,18.85,18.65,18.08,8.29,73474,5,23,38,21,8,4,0,95.21
Aimbo,6 Fulton Park,Milwaukee,WI,1/1/16,6/30/16,71,227,68.44,61.79,1.55,3.25,3.88,0,4.23,0,1,18.37,18.5,18.31,7.76,70013,5,22,37,21,10,5,1,95.99
Wordify,7432 Haas Alley,Houston,TX,1/1/16,6/30/16,53,238,68.7,65.7,1.9,3.28,4.41,0,4.02,0,1,17.63,17.91,18.92,8.42,73186,5,24,34,21,9,5,0,94.92
Ainyx,8684 Raven Street,Pasadena,CA,1/1/16,6/30/16,73,231,63.44,69.31,1.3,3.95,4.84,1,4.62,1,0,18.23,18.93,17.66,8.45,71095,4,25,37,22,9,5,1,91.72
Tagchat,6 Fisk Hill,Mobile,AL,1/1/16,6/30/16,64,213,61.37,60.08,1.06,3.52,4.29,0,4.43,1,0,18.64,17.31,18.12,7.65,73824,3,20,31,20,9,6,1,90.44
Ntags,604 Marcy Road,Seattle,WA,1/1/16,6/30/16,48,224,68.23,64.36,1.35,3.33,3.04,1,4.4,0,0,18.26,17.91,17.33,8.48,71582,3,25,33,23,9,4,0,93.93
Meeveo,3826 Transport Way,Manchester,NH,1/1/16,6/30/16,54,219,68.17,64.5,1.59,3.5,4.65,0,4.99,1,1,17.27,18.89,18.82,7.3,72243,3,22,30,22,8,5,0,93.44
Yombu,25897 Moland Way,Buffalo,NY,1/1/16,6/30/16,71,208,69.61,62.2,1.52,3.32,3.05,1,4.56,1,0,17.42,17.77,17.49,7.39,70841,4,22,33,21,8,4,0,92.31
Wikibox,0788 Spohn Way,Harrisburg,PA,1/1/16,6/30/16,41,250,61.41,67.5,1.91,3.27,3.84,0,4.05,0,1,17.75,17.76,18.13,7.66,70396,5,23,32,23,8,5,0,91.37
Minyx,65772 Lindbergh Road,Tulsa,OK,1/1/16,6/30/16,63,231,63.84,61.19,1.66,3.57,4.16,1,4.86,1,0,17.68,18.13,17.25,8.77,71407,5,20,30,24,9,4,1,95.79
Kwideo,40 Kings Parkway,Indianapolis,IN,1/1/16,6/30/16,52,227,60.55,65.3,1.53,3.62,3.02,1,4.59,0,1,18.67,17.12,18.64,7.74,71185,4,24,31,24,8,4,1,91.16
Dabvine,4344 Schmedeman Trail,Provo,UT,1/1/16,6/30/16,57,234,65.12,60.15,1.79,3.76,4.22,0,4.53,1,0,18.91,18.74,17.21,8.35,71153,3,20,38,24,9,6,1,95.65
Linkbridge,32736 Michigan Drive,Bronx,NY,1/1/16,6/30/16,70,224,68.89,62.82,1.85,3.54,3.18,1,4.38,1,1,18.48,18.96,18.93,8.64,73998,3,21,32,22,10,5,0,95.66
Mydeo,06 Hauk Park,Tacoma,WA,1/1/16,6/30/16,60,250,69.14,66.66,1.85,3.18,4.01,1,4.65,1,0,17.55,18.76,17.71,7.64,74162,3,22,37,23,10,6,1,91.12
Oloo,45521 Maryland Terrace,Midland,TX,1/1/16,6/30/16,74,234,63.52,68.64,1.93,3.6,4.51,0,4.51,1,1,18.64,17.26,17.84,8.57,71299,4,24,30,21,10,4,1,90.91
Photolist,13 Kennedy Lane,New York City,NY,1/1/16,6/30/16,62,226,66.32,66.32,1.72,3.58,4.04,0,4.27,0,0,18.14,18.97,17.15,8.09,74612,4,21,32,22,10,5,1,93.74
Thoughtsphere,72 Monument Avenue,Naples,FL,1/1/16,6/30/16,65,217,63.08,65.91,1.13,3.67,3.55,1,4.15,0,1,17.55,17.7,18.87,8.82,71538,3,21,37,20,10,4,1,93.92
Aimbu,2692 Lighthouse Bay Point,Tampa,FL,1/1/16,6/30/16,63,214,61.77,63.01,1.18,3.4,4.16,0,4.95,0,1,17.71,17.66,17.64,7.57,70081,5,20,37,24,9,6,0,90.77
Mycat,66 Almo Place,Washington,DC,1/1/16,6/30/16,67,245,63.43,64.16,1.91,3.38,4.21,1,4.5,1,1,18.98,17.49,17.93,8.83,71076,4,23,37,23,9,5,0,92.36
Skyvu,70 Division Center,Cincinnati,OH,1/1/16,6/30/16,52,206,69.63,66.05,1.36,3.71,3.63,0,4.41,0,1,18.54,17.57,18.43,8.1,73095,4,23,37,21,9,4,0,91.48
Topiczoom,4 Dexter Drive,Charlotte,NC,1/1/16,6/30/16,65,223,65.12,69.06,1.11,3.79,3.91,1,4.9,1,1,18.78,17.05,18.41,8.19,70328,4,25,37,23,9,5,0,91.64
Quatz,4 Lukken Road,New York City,NY,1/1/16,6/30/16,54,213,66.59,62.93,1.93,3.89,4.73,0,4.91,1,0,18.95,17.73,18.99,8.89,72015,3,23,36,23,10,5,0,90.88
Jaxbean,04616 Gina Road,Palmdale,CA,1/1/16,6/30/16,69,236,62.64,65.6,1.16,3.93,4.34,1,4.66,0,1,18.21,17.3,17.6,8.44,71305,4,24,36,22,8,6,0,91.97
Realmix,331 4th Avenue,Sioux City,IA,1/1/16,6/30/16,53,219,66.15,65.66,1.25,3.09,4.26,0,4.8,0,0,17.09,17.35,18,7.71,71071,3,25,31,21,9,4,0,94.38
Topdrive,64197 Monica Avenue,Cincinnati,OH,1/1/16,6/30/16,65,228,60.41,69.41,1.52,3.08,4.48,0,4.3,1,1,18.15,18,17.38,7.99,74449,4,25,38,23,10,6,1,94.82
Plajo,37 Prairieview Circle,Decatur,GA,1/1/16,6/30/16,47,237,64.14,67.85,1.35,3.15,4.75,0,4.54,0,1,17.69,18.82,18.48,7.64,72589,3,21,31,21,8,5,0,94.01
Aimbo,19151 Wayridge Lane,Springfield,MO,1/1/16,6/30/16,75,226,65.95,68.45,1.04,3.16,4.29,1,4.91,0,0,18.3,18.56,17.05,8.11,74635,4,25,31,20,8,5,1,92.78
Topiczoom,982 Pierstorff Drive,Inglewood,CA,1/1/16,6/30/16,46,240,62.13,65.78,1.71,3.34,4.24,0,4.2,0,1,18.99,18.69,17.38,7.77,74243,4,24,31,25,9,4,0,91.1
Pixoboo,40 Del Mar Road,Lawrenceville,GA,1/1/16,6/30/16,40,200,64.97,67,1.04,3.71,4.81,0,4.36,0,1,18.18,17.24,18.23,7.2,73210,3,21,32,23,9,5,1,94.84
Thoughtblab,23 Bluejay Point,Fort Wayne,IN,1/1/16,6/30/16,64,232,65.01,61.14,1.68,3.61,3.08,1,4.4,1,1,17.03,18.01,17.95,8.51,74216,4,20,31,21,9,6,1,90.92
Brainbox,354 Shoshone Pass,Davenport,IA,1/1/16,6/30/16,75,216,64.98,60.16,1.42,3.8,4.66,0,4.71,1,1,17.49,17.97,18.78,8.9,71472,4,23,35,20,9,4,0,92.9
Oyoba,98125 Fisk Circle,New York City,NY,1/1/16,6/30/16,45,208,60.44,67.75,1.36,3.67,4.81,0,4.36,1,0,17.28,18.85,18.93,7.83,74560,3,21,32,22,9,6,1,93.08
Voomm,6 Brown Terrace,Mobile,AL,1/1/16,6/30/16,68,235,65.77,69.75,1.67,3.79,3.33,1,5,1,1,17.41,17.86,17.88,7.08,73239,3,25,38,23,9,6,1,95.12
Yamia,452 Portage Center,San Jose,CA,1/1/16,6/30/16,70,216,61.3,60.27,1.52,3.24,3.6,0,4.13,0,1,18.18,17.35,17.57,8.88,74251,5,23,37,24,10,6,1,93.33
Mynte,316 Hayes Circle,Philadelphia,PA,1/1/16,6/30/16,44,208,60.98,63.28,1.92,3.42,3.06,1,4.56,0,1,18.23,17,18.4,7.07,70266,3,22,36,25,8,5,0,93.1
Mymm,24 Northfield Point,Rochester,NY,1/1/16,6/30/16,69,249,63.66,65.28,1.75,3.36,4.29,1,4.65,0,1,17.58,17.98,17.1,8.53,73604,4,25,30,22,10,4,1,90.85
Rhyzio,843 Talmadge Park,Huntsville,AL,1/1/16,6/30/16,73,242,63.16,63.94,1.41,3.7,4.92,1,4.21,1,1,18.55,17.4,17.12,8.98,70506,5,22,31,24,9,6,0,91.17
Fivebridge,71060 Ridgeway Circle,Farmington,MI,1/1/16,6/30/16,73,206,62.03,60.19,1.19,3.22,3.95,0,4.56,1,0,18.14,17.05,17.76,7.95,70686,5,21,38,23,10,5,1,94.76
Yodo,18 Lillian Parkway,Yonkers,NY,1/1/16,6/30/16,58,221,61.83,69.42,1.73,3.08,3.21,1,4.7,1,0,17.88,18.98,17.05,7.5,70694,3,22,31,20,8,5,1,91.51
Feedbug,9 Merchant Point,Cleveland,OH,1/1/16,6/30/16,64,226,67.29,66.55,1.03,4,4.68,0,4.86,0,0,18.89,18.69,17.66,7.18,73901,4,23,31,22,9,4,0,91.11
Trudeo,88294 Blaine Avenue,Syracuse,NY,1/1/16,6/30/16,47,236,65.3,60.71,1.05,3.13,3.83,1,4.7,1,1,18.14,17.89,18.1,7.93,74484,5,21,33,24,8,6,0,95.13
Oozz,39 Golden Leaf Alley,Milwaukee,WI,1/1/16,6/30/16,40,210,68.25,67.99,1.52,3.21,3.46,1,4.21,0,0,18.48,18.84,17.38,8.54,71818,5,20,34,24,8,5,1,91.76
Cogilith,852 Daystar Crossing,Des Moines,IA,1/1/16,6/30/16,56,217,63.36,64.49,1.75,3.69,4.73,1,4.37,0,1,18.43,18.96,18.1,8.87,73100,4,23,35,23,8,5,0,92.48
Devify,64490 Crownhardt Avenue,Hartford,CT,1/1/16,6/30/16,56,200,63.19,69.96,1.79,3.59,4.95,1,4.98,0,0,18.15,18.01,17.47,8.15,73208,3,25,38,22,10,5,1,94.75
Kare,7 Sheridan Junction,Birmingham,AL,1/1/16,6/30/16,40,238,65.29,63.24,1.86,3.24,3.78,1,4.9,1,0,17.14,17.01,17.93,7.03,70185,3,23,31,23,8,5,1,94.18
Aivee,3 Pleasure Pass,Spokane,WA,1/1/16,6/30/16,75,225,68.09,66.98,1.99,3.74,3.78,0,4.76,0,0,18.54,18.92,17.6,8.46,71434,5,22,33,24,10,5,1,92.98
Thoughtbridge,35780 Paget Place,Buffalo,NY,1/1/16,6/30/16,48,205,62.95,65.61,1.58,3.28,3.36,1,4.87,1,1,18.76,17.93,18.07,8.83,72184,5,21,30,23,8,5,0,92.3
Topicshots,8 Waxwing Pass,Charleston,WV,1/1/16,6/30/16,48,238,68.29,69.3,1.3,3.91,4.2,0,4.52,1,1,17.43,18.87,17.63,7.6,70937,4,24,36,24,8,4,0,94.47
Linklinks,7176 Spaight Junction,Philadelphia,PA,1/1/16,6/30/16,67,249,67.08,67.98,1.34,3.03,4.79,1,4,1,1,17.71,17.51,18.88,7.47,70753,4,23,36,25,9,6,0,93.73
Bubblemix,52193 Linden Lane,Seattle,WA,1/1/16,6/30/16,56,208,60.06,63.68,1.91,3.01,3.06,1,5,0,1,17.19,17.03,17.27,7.6,70031,5,22,37,24,8,5,0,93.62
Edgewire,70 Hanover Road,Omaha,NE,1/1/16,6/30/16,65,202,67.02,66.63,1.6,3.64,3.97,1,4.15,1,1,17.92,18.09,17.51,7.22,70991,5,25,35,25,9,4,0,91.07
Brainverse,2 Waubesa Road,Nashville,TN,1/1/16,6/30/16,69,211,60.08,67.07,1.26,3.34,3.4,0,4.77,1,0,17.84,18.51,17.76,7.85,71557,3,22,32,22,8,4,0,90.61
Abatz,35052 Sommers Trail,Dayton,OH,1/1/16,6/30/16,62,227,67.62,65.28,1.74,3.14,3.52,1,4.24,0,1,17.04,17.81,18.94,7.86,74730,5,22,37,21,10,5,1,95.08
Eire,55 Nevada Junction,New York City,NY,1/1/16,6/30/16,73,204,64.04,66.43,1.18,3.48,4.58,1,4.87,1,1,18.04,17.56,17.12,7.24,70970,3,21,37,22,9,5,0,91.12
Aimbo,72275 Dorton Plaza,Tacoma,WA,1/1/16,6/30/16,59,206,65.55,67,1.59,3.36,3.5,1,4.97,1,1,18.52,17.73,17.69,7.11,73700,4,25,32,24,8,4,0,94.35
Meeveo,0167 Dovetail Hill,Irvine,CA,1/1/16,6/30/16,50,245,65.43,67.12,1.75,3.49,4.58,1,4.78,1,1,17.87,17.96,17.45,7.61,73811,4,23,34,21,8,4,0,90.82
BlogXS,93899 Nova Crossing,Portsmouth,VA,1/1/16,6/30/16,44,219,69.31,65.82,1.82,3.31,4.6,0,4.91,0,1,18.53,17.84,17.31,7.57,71679,5,25,36,25,10,6,1,92.3
Yotz,7149 Anniversary Crossing,Flint,MI,1/1/16,6/30/16,40,247,69.27,64.65,1.75,3.47,3.34,1,4.43,0,0,17.52,18.36,18.7,8.93,71794,4,25,35,20,8,4,1,90.67
Oba,22051 Jenna Way,Norwalk,CT,1/1/16,6/30/16,50,238,62.06,66.28,1.99,3.79,3.93,1,4.73,1,1,18.38,17.16,18.81,8.17,72519,5,21,34,22,8,6,0,93.76
Jetpulse,3 Northland Hill,Houston,TX,1/1/16,6/30/16,72,228,60.28,69.29,1.26,3.12,4.65,1,4.87,1,0,17.21,18.63,17.73,7.25,74152,3,25,34,23,10,4,1,90.3
Skippad,2 Kenwood Trail,New York City,NY,1/1/16,6/30/16,60,219,67.78,63.42,1.57,3.78,3.21,1,4.74,1,0,17.1,17.71,18.92,7.64,72883,4,25,32,20,8,4,1,91.42
Leenti,23 Division Crossing,San Antonio,TX,1/1/16,6/30/16,68,205,62.14,66.64,1.52,3.96,3.66,0,4.32,1,0,18.7,18.7,17.95,7.98,70837,3,23,34,20,9,4,1,90.73
Meetz,513 Judy Way,San Diego,CA,1/1/16,6/30/16,54,222,68.28,67.84,1.29,3.48,4.84,0,4.34,0,1,17.08,18.02,18.29,7,73810,5,25,32,20,8,5,0,95.97
Yambee,515 Waubesa Drive,Portland,OR,1/1/16,6/30/16,52,240,62.25,62.73,1.31,3.96,3.54,1,4.11,0,0,18.64,18.4,17.96,8.81,70585,3,25,36,23,9,6,1,90.76
Topicblab,171 Forest Park,El Paso,TX,1/1/16,6/30/16,75,225,63.4,64.69,1.55,3.41,4.63,0,4.93,0,1,18.37,17.71,18.44,7.21,70161,5,24,31,24,8,5,0,90.61
Pixonyx,76 Porter Court,Philadelphia,PA,1/1/16,6/30/16,49,231,60.24,60.8,1.4,3.38,3.11,1,4.37,0,0,18,17.75,17.33,8.69,74596,4,20,30,24,9,4,0,91.52
Izio,9 Charing Cross Lane,Austin,TX,1/1/16,6/30/16,75,204,62.32,68.58,1.78,3.03,3.85,1,4.63,1,1,18.78,18.38,18.68,7.55,71261,4,24,31,23,9,4,0,92.58
Dabfeed,894 La Follette Park,Norfolk,VA,1/1/16,6/30/16,59,228,62.23,62.04,1.54,3.75,4.73,0,4.2,0,0,18.17,18.5,18.93,7.71,72558,4,24,34,20,8,4,0,95.41
Realbuzz,976 Nova Pass,Sarasota,FL,1/1/16,6/30/16,72,243,61.85,69.84,1.96,3.54,4.86,1,4.72,1,1,18.21,18.23,18.61,7.48,72056,4,21,32,20,8,5,1,92.69
Twimm,964 Manufacturers Hill,San Antonio,TX,1/1/16,6/30/16,72,250,61.26,68.59,1.67,3,4.87,1,4.35,0,1,17.91,17.56,17.76,8.07,70307,3,20,32,22,8,5,0,93.07
Flipopia,402 Orin Circle,Sacramento,CA,1/1/16,6/30/16,63,225,63.66,65,1.04,3.91,3.42,1,4.39,1,1,18.07,17.38,17.94,7.08,72037,3,23,32,23,10,6,1,94.93
Yakijo,20 Dawn Trail,Tucson,AZ,1/1/16,6/30/16,57,212,61.98,63.62,1.25,3.38,3.65,0,4.71,1,0,18.93,17.71,19,7.97,71004,4,23,30,25,10,4,1,94.74
Youspan,9695 Donald Point,Fort Worth,TX,1/1/16,6/30/16,61,218,63.85,69.48,1.17,3.02,4.44,0,4.73,1,0,17.73,17.27,17.44,8.93,71571,4,23,31,25,8,6,0,91.04
Meevee,8055 Norway Maple Circle,Peoria,IL,1/1/16,6/30/16,51,248,67.62,68.03,1.2,3.51,4.95,0,4.38,0,1,18.18,18.83,18.61,8.85,70456,4,20,33,24,8,4,1,91.36
Aivee,16572 Waxwing Crossing,Washington,DC,1/1/16,6/30/16,71,234,65.39,63.87,1.5,3.63,3.51,0,4.82,1,1,18.29,17.55,17.12,7.36,72225,3,25,33,25,10,6,1,95.26
Tekfly,66 Crowley Plaza,Troy,MI,1/1/16,6/30/16,40,207,63.27,64.66,1.15,3.28,3.68,1,4.2,0,0,17.35,18.32,18.84,8.96,71144,3,20,33,22,10,4,1,94.08
Mita,78 Ilene Point,Largo,FL,1/1/16,6/30/16,41,214,69.75,61.95,1.69,3.1,3.5,1,4.73,1,1,17.18,18.67,18.1,7.05,70942,5,25,34,25,10,6,0,95.12
Browsecat,715 Forest Dale Terrace,Green Bay,WI,1/1/16,6/30/16,49,249,62.33,66.4,1.38,3.69,3.21,0,4.44,0,1,18.89,17.75,18.57,7.59,72999,3,20,30,23,10,5,0,93.89
Flipstorm,4301 Schlimgen Crossing,Chicago,IL,1/1/16,6/30/16,46,225,69.06,63.71,1.72,3.77,3.52,0,4.13,0,1,18.87,18.37,17.3,8,70964,5,25,32,24,10,6,0,95.32
Eazzy,58 Buena Vista Parkway,Birmingham,AL,1/1/16,6/30/16,63,201,65.4,68.12,1.01,3.4,3.94,0,4.87,0,0,17.26,17.41,18.4,8.86,74655,5,23,37,20,10,6,1,95.48
Oyope,488 Maple Place,Olympia,WA,1/1/16,6/30/16,46,230,61.34,66.86,1.47,3.77,4.75,1,4.96,0,0,17.22,18.97,18.78,7.39,72552,5,20,32,24,10,6,0,94.85
Feedmix,00 Dennis Road,Oakland,CA,1/1/16,6/30/16,66,248,61.21,68.97,1.74,3.64,4.7,1,4.75,0,1,18.56,18.26,18.46,8.88,73349,4,24,38,24,10,4,0,90.3
Aibox,4488 Village Green Alley,Kansas City,MO,1/1/16,6/30/16,43,248,62.44,64.01,1.54,3.53,4.1,0,4.78,1,1,17.57,17.76,18.79,7.15,72816,5,22,35,24,10,5,0,92.41
Omba,77 East Point,Evanston,IL,1/1/16,6/30/16,66,203,65.5,62.17,1.9,3.03,3.01,1,4.36,0,1,17.26,17.09,17.35,8.68,73800,4,23,36,21,8,5,1,93.49
Dabtype,83 Anthes Parkway,Los Angeles,CA,1/1/16,6/30/16,48,224,63.38,63.46,1.91,3.59,4.72,0,4.61,0,1,17.9,18.93,18.89,7.64,73826,5,23,31,22,9,6,1,95.64
Yakidoo,956 Ridgeway Plaza,Springfield,MO,1/1/16,6/30/16,69,234,66.64,64.14,1.27,3.63,3.35,1,4.67,0,0,18.57,18.45,17.7,7.48,70752,5,22,33,22,10,5,1,94.82